temperature,duration,label
62.134379574883575,4.0956916263305505,0
46.06092701934561,6.12389640618543,0
74.32391475848974,6.327368575830307,0
61.22020608242602,4.525038588495618,0
51.30879482314059,4.956484869589362,0
69.02293666549116,6.278823812634395,0
79.3238460631002,6.153937373595027,0
90.0,4.452058198804233,0
70.75224216426469,7.228778014255472,0
73.16455112758533,6.399639145890683,0
64.49712971942765,3.905291726236263,0
58.85137265751185,7.306722653466332,0
86.13245467873625,6.047594488732233,0
67.7967669604333,1.183737991329033,0
41.83365030271996,5.607061596010421,1
77.04079734987621,6.734429846698146,0
50.21412135530399,7.519237235800376,0
81.57151887859354,6.408011563365093,0
61.84934661335459,6.981121650297326,0
61.50201159336549,10.0,0
58.15228202514711,7.258603285530864,0
63.5848131288667,5.705192852013669,0
80.79521181249885,8.946140698879512,0
62.73381506986167,8.242830671086889,0
28.987397365770853,7.794370976757388,0
75.49445239648203,5.18079497374798,0
46.67217279231248,8.988545317728873,0
47.38259272200062,8.58737878234515,0
41.82442072054324,4.898058355005684,1
68.92780868647114,7.339720066381275,0
74.77862989252831,6.1226074738434395,0
41.17885555812513,5.579050430548363,1
90.0,4.832044317558352,0
57.566854345239214,7.613037748405308,0
67.28459632805387,2.9273836451577138,1
54.91182423882003,3.9877650760532264,1
61.110409587242266,4.781012650376402,0
48.26570030614819,5.179828722220093,0
55.09267407201764,5.2538450780819765,0
38.588700186830955,4.298833751785061,1
43.90684182463513,6.525558812329762,0
53.67919593139802,6.546155966243467,0
76.25181258201732,6.4772143829709306,0
73.01523054476505,6.252554385831407,0
82.44366199163616,6.658617108314294,0
79.99172690743984,7.946922022607036,0
42.9692570739621,0.0,0
69.7259776638423,3.475618162841323,0
76.54813911114076,9.403576223757451,0
31.12227007947205,3.4310816055123277,1
57.990717217691866,6.0692726817067495,0
48.54070787374364,6.260027935497732,0
48.74037110740541,7.231187842018717,0
36.89219024665225,2.4314484578021327,1
57.89596945632074,4.725094022062781,0
52.47758923513055,8.44924798915018,0
79.49668865831157,5.745515062980535,0
60.56263138249922,4.849736385936471,0
60.52685351795333,5.499069157019421,0
21.65499374474536,4.6897655860721255,1
62.87652745024187,8.730005326924736,0
43.09174606012889,8.580117365047084,0
82.54801404022913,7.162576795249921,0
48.64129831840224,4.348762361669074,1
51.95498960786118,4.272994331326727,1
59.39441974695597,6.784841590455235,0
75.03263278745871,6.224829390562292,0
57.31103788851702,6.125083853513209,0
54.5950140133838,2.9924836235045573,1
50.20098241181704,5.686709816881487,0
50.10631474206758,5.234837556407746,0
49.952523208692426,9.465285215764034,0
72.53499947906931,10.0,0
83.96205029066422,7.51492442394484,0
77.29647531502971,7.348010068457168,0
56.916752722712054,7.644872926914514,0
60.612617406586025,5.854273188267675,0
60.513963681757964,7.931473975607366,0
52.46206015498733,6.997899846735307,0
50.9264476998179,2.795032438797483,1
50.714642703177674,5.389182215427207,0
46.53512008968424,7.966934405762268,0
68.01557590808842,3.6041999124185717,0
38.692577683157616,8.577133334670727,0
46.113481601399265,5.156994486182282,1
80.69985958525795,8.291865727512342,0
34.67527336027893,4.480498697694086,1
67.17923881183343,3.080376279801857,1
84.79030182586342,4.5102205203388515,0
67.24461572327078,4.100586529145542,0
45.339182182189134,6.308115760468079,0
75.70018935283143,3.9871705566869853,0
55.958392512429015,8.721258449535714,0
79.82767213096076,7.817766612050138,0
58.56270783510093,6.940500310683994,0
24.42145840562874,7.821044715140887,0
62.157117137123144,8.19715342313636,0
44.81283119169122,4.871250169831263,1
48.76983843747175,5.351979628625185,0
71.27908986750089,5.705014103089345,0
75.52598473933297,5.256786321800234,0
68.81949273159768,7.099996348139777,0
58.30873562217469,6.0342638063616985,0
56.9526111275313,6.107556386710009,0
82.3237359125531,5.361471321141922,0
72.97813478441566,3.1781838752247555,0
51.98622600715701,3.8250033094519216,1
50.57343140376141,6.986209685775973,0
68.52013436112081,4.026437593787492,0
44.45338884027205,7.473866363421411,0
90.0,5.920303700798555,0
45.34554546575579,6.214388030021922,0
90.0,8.33803951678955,0
56.95041315781679,5.219915850611162,0
79.19233425382714,2.5049807885210904,0
42.928342085744674,5.165984513146453,1
47.15654081048252,7.786089181131025,0
32.056559701116036,2.8279787315722196,1
52.47227494259733,6.20812720213836,0
55.61683075674928,7.104423759685335,0
59.98037624359639,8.546644691162252,0
65.78987003651467,7.49971540062522,0
62.2829425415547,1.1247574106334577,0
51.03238745411899,2.7704016028890184,1
28.67129077854994,7.931219156503226,0
46.54996885721632,6.689045884394222,0
74.17148757369658,5.191730574275761,0
32.60570275511279,6.875124778618262,0
52.8176180218545,6.484838298528508,0
90.0,6.548687729635332,0
64.6674497694134,8.50866411325481,0
10.525510596994224,7.961592198794342,0
27.96981001164888,8.384643361903546,0
71.42091246495168,7.7009060631088415,0
54.675336260561885,7.581114182013315,0
55.53101281872362,5.983127153440702,0
73.66984125907,7.232040917589108,0
63.35897815733538,9.495911408281378,0
62.23143996256227,5.3315562950633275,0
53.48736348122294,5.628230041130455,0
53.242828492717656,7.835976331616232,0
51.51787000716278,5.203434540944434,0
31.404588249003275,4.1318623920989275,1
78.70520881342229,4.301782451730855,0
65.2070662572678,5.036815836222229,0
85.73966043550318,6.811514198333341,0
60.69413962973635,8.214350640182909,0
59.97048741656776,4.247367657255788,0
46.562337696747676,5.46091062894481,0
70.94219670289685,6.522767224267365,0
25.931177288768914,6.605279743535924,1
55.677543131935096,8.65109244442636,0
63.43334095330155,8.07762234777704,0
66.84548427823594,4.818936516139769,0
55.70437176669599,4.414698462861072,1
60.75075477164075,5.281530192436557,0
78.20291791028498,5.545838991953959,0
67.18529634058328,5.104003086002546,0
45.550078771774174,6.647605149242341,0
63.85068645673885,8.13239136374523,0
69.52309775163033,3.3314105264580594,0
75.42392779650602,5.8460523503508774,0
72.87846840035638,2.876199713759453,0
82.8412049667173,7.559234601030432,0
72.09368025194887,7.462489057552499,0
54.68745635745695,3.8387875229726567,1
43.52633457285201,6.560223520693097,0
76.48372818433293,7.321063370634656,0
50.30367169811555,4.559246876865059,1
65.47839957036823,6.568387181989482,0
70.46220004881836,8.986293518038392,0
44.011522986630354,3.4181830292745343,1
87.8770550239222,6.244149824718649,0
46.73322914449069,6.6806196305553724,0
74.90716022372648,4.287507790633672,0
51.68510318532053,4.411771724311926,1
42.19526363320577,6.525537790701089,0
88.6651435881154,8.288714518917839,0
42.42058706050865,5.006368704703103,1
65.3379109202151,6.595290303729032,0
73.95560017211344,6.242255302194552,0
45.44008931108765,4.493603886886257,1
42.05440694039062,2.0009654414490647,1
65.64768825496591,4.48647626692544,0
52.276236793698345,5.95501516526352,0
80.65727736416639,6.555669641837797,0
59.18185872230731,8.767341942952626,0
35.089842762673356,6.82506915263924,0
72.93969906837741,5.280298392291924,0
34.917334368411105,8.076567149726824,0
71.41583944564047,7.692302978898919,0
53.264335252787625,4.823804282027734,0
44.71210687466566,8.3930345141615,0
60.17172433388585,9.06575727508502,0
57.55856763866071,8.48528461282312,0
64.88547072265015,7.998445096936869,0
69.9799508953089,4.4405794038513005,0
52.96459041161723,5.7422194245564615,0
55.04375728339536,8.885657575636534,0
67.4902776237604,5.219112177881998,0
29.882147384320767,4.818057223009438,1
80.94522330394999,7.4188831116040745,0
55.8815039190696,6.832874846406977,0
79.45468482391014,6.635350720598794,0
67.8316161979782,6.2957167801313805,0
84.10838601203466,3.9651099942223693,0
41.484619370306575,5.243596121003106,1
62.00018034897537,3.6862704657676617,1
52.19964300108691,9.677691092938517,0
64.61931967035476,9.498643792223875,0
67.36381978377946,6.246899986603451,0
77.07486690993748,4.364034305031778,0
47.428630129349216,3.351336114498154,1
29.998987461829746,8.052188141819613,0
74.9293729019609,3.512882101621237,0
53.15888400104418,9.278481494124867,0
50.49702162632362,8.132334443195909,0
34.06861580005098,3.792036037264874,1
85.73616800322179,6.006412197779763,0
77.66368482969486,7.479916606199373,0
64.31935559669336,10.0,0
53.704956509913345,5.37381381196431,0
68.38433800871152,8.363284305098011,0
56.662475836763406,8.501144629283107,0
69.00410857417711,6.216167948795811,0
75.27596527619164,7.58207226220573,0
66.22967224406025,9.124123424773074,0
90.0,2.9331935815850865,0
72.69875450727514,4.594137068824164,0
54.595703860392724,6.73497432366347,0
53.41983947611524,6.975807972181943,0
63.968451178465166,3.8752531285381546,0
56.73630502823695,4.073039860015392,1
44.8253978492328,7.507696371475381,0
45.55944341712805,4.186525247439739,1
53.31027109035249,6.2160190731875495,0
46.89013597058979,5.724095694710892,0
59.568760499307054,6.115007460694283,0
60.73081835538042,3.310397204265024,1
65.46252409048175,5.027284913319298,0
58.793885142496606,10.0,0
55.96066057400025,6.706495019827079,0
53.020158875151964,6.813059883948946,0
64.56670770267127,3.0818539440449277,1
52.148915376605245,4.801411971725175,0
65.72068723706059,7.98826032619101,0
37.58986973917082,4.868519291766445,1
62.5099916752328,5.5215146083794995,0
90.0,1.5199044740245817,0
69.93033870866371,3.627213753706798,0
45.25719703600835,7.779088064667694,0
86.29161345159801,6.490459969004454,0
54.63327747262535,8.524204203014364,0
67.2898128359289,8.879276359163049,0
68.26508186173385,6.7549579811380704,0
68.67790476932262,4.357986036918936,0
61.95152171979568,5.930943383881516,0
70.79415594015984,2.8910998304379447,1
75.39565201937243,7.945504246617934,0
62.95068050681035,5.734161907694977,0
61.01184129418185,7.913548623787542,0
34.44460611249702,1.7352662274045105,0
70.06277984513366,5.805739200464955,0
68.37400278033897,5.721968253126739,0
62.89207349368315,2.1678365305351566,1
38.11231295377521,3.3210537805541636,1
69.89151940006008,6.454505169423153,0
35.92905700184819,4.260940056584403,1
66.71318946436168,4.9236345052574055,0
88.72111405904857,2.5391406296767776,0
76.94752564495496,5.006737033907045,0
13.747207406043216,5.549454186299253,0
55.10497822664932,4.098168547732903,1
59.55067950321101,7.240067927764423,0
50.162509272056155,9.134323597317858,0
83.91534669098986,6.497740096530256,0
44.458372739264206,4.135015978587274,1
57.627997472351026,6.871575394362257,0
44.29268864666578,4.393256015831484,1
64.37525137616025,4.007114110621691,0
37.054292908133505,7.804950903349811,0
57.042614101929296,4.057061859843464,1
74.86058864761512,9.158488064660391,0
54.839994021517654,8.789516426146108,0
53.50558479237901,3.0023057933147768,1
63.61173905538913,7.26553336758716,0
76.17777514350237,5.690271083150283,0
72.17106815711603,2.9709188941664273,0
59.990026215067985,7.8318309183089205,0
36.431346168649114,4.211478714667528,1
81.82120237676234,7.721431353760706,0
64.94750072979662,6.389584360238784,0
33.26895644372611,5.84541067434316,1
70.06175572394389,4.441410007742783,0
76.34190773374276,6.266070156364982,0
45.930346316783215,7.183440083750894,0
87.03693505740372,5.585519769388123,0
67.06708964493569,6.7819661372884825,0
60.318289309416166,6.03180614062091,0
54.31379036090154,6.023919004224248,0
88.39149608574654,7.758544219444728,0
57.43968168706742,6.006421410631192,0
49.122594647930256,5.830455228392146,0
68.2672152968507,4.908679847449293,0
55.80875656728472,7.170105209763088,0
43.504051949760026,3.554803142550399,1
81.97545368139413,4.99648412328857,0
50.798624571724815,8.470554264669131,0
69.5645108725613,6.412477602792063,0
63.300587551205936,7.389243997188285,0
29.185709185590703,9.842825995346002,0
57.19100374375766,5.481793619517259,0
55.174137634812205,3.155356383408239,1
62.701854631575586,9.576175651366595,0
71.48761272373086,10.0,0
45.63015888016808,1.5990770239991239,0
53.68223162978481,6.16232353492295,0
73.05657676467845,6.915644819561264,0
55.757182811179625,5.217609109645211,0
57.32844786855913,5.633637815449061,0
67.67618494742526,2.8587529638053284,1
44.15172240596782,4.869088349721023,1
68.15884221843001,5.758958498561507,0
66.75512971711181,7.00109736093918,0
54.09232553453333,3.3759726749781422,1
45.78035109291049,6.685995694093537,0
58.90396764594439,5.763103377570014,0
61.8380290922568,3.227720331160773,1
52.010888085867514,7.873103818782354,0
36.94463283131252,5.126176222217449,1
71.49344867370687,8.547286918032569,0
52.9325458445516,6.085021559384821,0
81.92536868608391,5.931973489198373,0
20.243770454940204,8.399502207162282,0
56.149328573575595,7.503442858932054,0
74.46178967242747,1.0430806962202386,0
65.03537805434047,6.987079578492217,0
35.68005782049626,5.813145348093754,1
39.65345442991719,4.683336635266951,1
48.964308012249646,4.372587280569267,1
40.13229343249819,5.926288059885093,1
70.5576846643418,10.0,0
35.663553113600905,5.132566504301718,1
45.57974822696446,7.483293401407765,0
49.11670003084361,7.417025432413305,0
72.44460171871222,5.022820403160498,0
43.56813504819524,7.394613610949763,0
71.74681418820998,6.220801614379244,0
85.77337470348684,3.623015232896247,0
62.558231192246225,7.333609125382342,0
49.801496564409206,7.016093211260526,0
43.7949364321156,9.638457730736532,0
30.322180973134458,9.055413501628621,0
65.94740458696131,4.5323458567066295,0
39.38074237393131,7.436753248200208,0
65.14013965745832,5.180029932682157,0
76.57238695957741,7.842117517484945,0
48.64760139317461,7.569377730548467,0
59.31711961450839,5.631389359984938,0
83.90511456864843,6.169695939566896,0
51.30264595583295,7.006451871130105,0
57.4804932969054,5.178429452712285,0
71.8399442554341,7.542460559949535,0
61.89127968423474,6.733403456672873,0
71.68039984053279,7.595131896701172,0
49.18824779375168,9.879314764938652,0
67.27662743362853,1.182147436182718,0
60.38558448685176,4.636467231242513,0
80.35190046267742,2.724628409820824,0
90.0,3.7939377813498543,0
60.023099769717504,7.644232720244115,0
51.068933196041,6.428533622080592,0
61.71046404146019,5.253844230103834,0
42.2595520780009,4.096814493419778,1
49.1375600379914,1.9171876742777414,0
51.13969296105947,2.8179806249785733,1
53.855359385560156,3.1600606619699905,1
69.32039251660831,8.357643257885725,0
85.56624118921093,5.150181020796103,0
90.0,4.239485780940519,0
49.62147594870929,3.715479105530259,1
73.33920717259849,3.9909042792318146,0
49.63799365797263,5.271565344358798,0
64.02461665671026,6.349304625639874,0
76.35604835835173,3.03728719039512,0
84.1259316539201,9.715029941849732,0
48.42965372511774,6.681843380723701,0
52.86545787850157,7.246899367429927,0
57.800336355060544,4.390083552451959,0
49.11232215209216,6.727189643833067,0
40.056803257973314,7.47378514535019,0
49.31406151835298,5.049562983975621,1
56.119058492375004,4.583689270593322,0
30.08533557114089,1.691196060082981,0
66.47823261600595,7.438522554153476,0
58.48241139328418,6.4708869995540805,0
49.974511781827744,3.3577516528962925,1
32.844945080446124,6.258008089113442,1
63.28836595093811,4.710163814368514,0
70.47208756399569,6.319375424544397,0
72.28124735657376,6.453205672492438,0
71.062196409426,8.340905039432283,0
75.98021640317269,7.01175927075831,0
52.23527944202408,4.408891245245023,1
60.931053353272546,3.388289942316605,1
31.039522962786474,6.268311667428743,1
43.31308391203266,5.097428685244567,1
74.3608716811742,5.937758588130674,0
75.36091624924016,7.614418231360161,0
52.63333743732929,9.148602288794912,0
71.14196271764283,2.8001114019917988,1
38.812062280587284,7.693782840114961,0
53.576911709556434,8.954219699092251,0
73.11869898562283,7.27593718895443,0
68.86689631418932,8.26204177934329,0
35.583999328608414,7.042742127697558,0
57.14020628064188,9.64257726747939,0
40.96552805497966,8.90010390958181,0
90.0,7.031375746438554,0
49.65236345839057,1.3694089622183823,0
65.10024391079004,5.60555072067012,0
63.65648054882693,5.364855179562657,0
67.78105503668714,8.358066799668283,0
90.0,3.068437515879885,0
47.01342895891952,5.568181845883343,0
61.07703899359689,5.8721639850227865,0
43.98231525729574,5.704916114770151,0
58.99922077112781,10.0,0
45.03723674027629,5.781988684599289,0
41.47898287882312,5.430793679028607,1
73.31163602724772,6.051987150785197,0
49.684277086910654,5.996040270602548,0
53.92106700425828,6.421995095620326,0
64.46227229373771,5.795631888533485,0
67.18809799226655,6.184858441471808,0
67.02155509844005,6.422328951549571,0
45.955413012530904,3.2534010726768248,1
56.70867289987804,9.463862877809845,0
54.81734384257112,5.739868369552216,0
55.82857176781834,6.428588690533903,0
69.60088072758776,5.349512329596955,0
67.95263431204991,6.364511662971893,0
70.11262852279931,5.066834932267955,0
24.66750357885725,7.292786638488453,1
73.06117916001196,5.663449256175352,0
70.15119408379617,4.384505046887162,0
67.91174583976228,3.628937283402776,0
41.344980747421886,3.135349478410667,1
74.9618506569812,3.730423344211459,0
64.23228218801768,5.549546012523818,0
37.47059060385783,4.390606394706656,1
48.711481993790905,8.134408050347416,0
58.41550116524809,6.457582173227474,0
28.01997396871424,6.4103697278085505,1
57.189124921433105,8.513038886719766,0
52.663737624765595,6.935348550920289,0
66.13998027538837,6.357145839021018,0
63.41589451276881,7.493827848210515,0
90.0,4.981286663701213,0
26.23528277703457,8.357940871367429,0
74.40080170300234,5.043533679216512,0
70.8241506856926,8.127792825339837,0
63.55790874834264,6.033631792920604,0
90.0,3.345566332508295,0
32.12093538174034,6.046008754039915,1
57.984671191561105,5.750547392985235,0
47.86395381934197,5.761862432564723,0
39.320737170659584,1.815369354401155,0
68.07347460401584,5.996173700664245,0
36.127432629353436,4.257206199246384,1
74.5563881224716,5.711783614227711,0
75.27121868278329,8.156402940126853,0
33.033432108158834,8.086070805080979,0
48.85256317233569,7.815515247526829,0
55.397509893602496,4.127248172854097,1
64.51255718012345,3.107590094409139,1
79.20234630599917,5.356619149097392,0
62.18104768279006,7.317475802496788,0
54.689632297285044,4.733887379210247,0
25.15335710171467,5.61230421615951,1
50.18084714263739,8.09181347429341,0
89.52930301709719,6.460634578788671,0
77.78189748436182,4.115747634404931,0
57.94941098570763,5.3996194106223445,0
60.68526943524696,5.528922936611957,0
42.78559001353001,8.335269843319985,0
66.2375455583672,8.99938375669368,0
39.27764877633993,10.0,0
64.10263004238844,8.014865140471947,0
53.0856046845068,6.773407002103474,0
72.3669817221908,4.191769948613802,0
71.05250848757802,6.2894831725515346,0
42.23894640207777,5.54457928125104,1
71.37906736375011,5.684274062909986,0
56.434029720137765,3.675097638529755,1
56.9280885744882,6.9216837042920485,0
84.0164197959765,4.849005891145078,0
52.37290552537098,4.143378606291499,1
42.012575232336104,3.594304275625996,1
47.15465621041671,3.9745313543047978,1
42.02852954246134,4.282191545267517,1
48.09132122339335,4.830649315037046,1
51.662636339601775,3.870569616847274,1
45.19349242978208,5.650314250938441,0
41.99688472068635,5.3680843768112565,1
63.65035371501367,5.046777649813774,0
59.87769558325021,7.681607276087757,0
75.17150415712663,9.865526583522975,0
65.22956807331803,3.9852299533619884,0
47.99681718587468,2.30249029443456,1
82.56914682311157,6.1507538222136455,0
42.331489872862925,6.816079531508414,0
57.578051400357985,1.5647481243886592,0
90.0,5.534110906670775,0
45.46047661613234,7.356586923134779,0
61.52896029234216,4.725951643478583,0
39.41343158739403,6.44015327409559,0
76.15470795762612,6.245053033612086,0
55.40197429424745,6.311486753879885,0
46.65360298929699,2.6041703965072216,1
65.00431550241926,5.638844556855126,0
59.78339927550066,5.057332839063036,0
44.07819571790845,3.8331050179220085,1
78.24236792475746,5.900234158563069,0
47.06211670862536,10.0,0
45.58789821087055,8.724616366836155,0
21.206361212461275,5.722624898355555,1
56.674451686208776,5.2511855857029,0
55.97169387119533,1.3210061466884193,0
68.89545082667813,6.2440939545984575,0
48.2137326390619,1.8631976059973603,0
80.47364106829383,9.86890490643669,0
50.38177671595974,3.9881608177844257,1
44.02404619406931,7.5459563803473415,0
66.82964135142451,9.092417104012654,0
79.55078288145783,5.163438325168618,0
49.66429360047625,8.490446553555687,0
49.63790184710318,1.724847553129063,0
56.075505267966065,7.661039153959037,0
44.83501819603606,10.0,0
61.59534024505838,4.307541770892165,0
67.21857809226844,6.791662793477136,0
51.01077099824281,5.086457709576758,0
49.18546389210982,7.43912781213025,0
34.05886695869353,7.347063708224421,0
38.17411929346194,6.244283473556749,0
75.10993224767378,4.166024983368807,0
55.689551951302775,5.389314543551903,0
90.0,5.115796562117086,0
27.09788643048931,1.0076363276606841,0
82.58196424906838,5.356828532937715,0
54.80999466638467,7.7290843984116915,0
81.64837645701063,6.156399595995457,0
45.48425843780073,9.060427396033612,0
55.78628563563511,5.187286069083147,0
64.28724665819695,10.0,0
81.09398961885711,8.156995867013384,0
64.15919936945699,6.570769648132083,0
79.06508296537214,7.101966702006101,0
77.39725593695591,5.202726383681933,0
72.94190421975097,6.170197005339562,0
84.33328395322872,10.0,0
55.621946266612554,5.721805147339225,0
72.51042534055689,4.524678836567569,0
62.35665116558,8.31323855244658,0
65.62467399604391,3.9551376524064352,0
73.36706777353754,3.9479912727824225,0
75.62485512968033,3.6178714322060634,0
55.0723254482094,4.562890238712221,0
74.64107972249903,8.297227047721687,0
90.0,6.375960149094413,0
47.52771957283781,9.472725062608987,0
58.56125396846415,2.1507029007062415,1
71.6300609426313,10.0,0
72.39120941348565,7.397291234982968,0
48.43742120473553,8.578080077641692,0
44.130442123037085,7.049514480997894,0
67.61683093764452,7.4763039356420045,0
62.669240312325044,5.108788288651227,0
35.661722672683666,4.437435218094167,1
37.00327908944482,7.656322507003295,0
61.872076020804215,5.988602790409471,0
54.464903743508295,5.48529472321359,0
84.41089022890021,8.588155111819646,0
53.82657589849584,6.043165814227128,0
83.72049455849566,6.6050416125857,0
46.92759986350727,5.979436238312069,0
60.11490914595124,6.414893939412941,0
62.19122712420692,6.012134993650687,0
61.03921285266134,3.63198996032419,1
59.06893683801567,6.669025943777046,0
77.9503437809906,4.387850170141734,0
47.52326286955629,3.087222248903541,1
71.81153697023176,6.7083616353033895,0
63.5105250373592,4.87377416467098,0
49.33072060895423,7.162347031072913,0
42.65373716830965,5.3267327299098675,1
41.85730686603363,6.650368415025973,0
75.73753294075217,5.158987280385323,0
58.940598686501694,4.817586623237128,0
53.12822095296566,6.646994360991512,0
71.28092972390786,4.861241920543485,0
65.20331990810728,8.036158495061452,0
69.0818845392323,6.411472977712402,0
65.0827012455342,4.487553205474143,0
47.97603697432914,6.460281838027075,0
58.92449612603182,3.379468004216989,1
53.694556536464454,2.706586990564317,1
47.56676140038186,0.35114542376757907,0
72.87708556245614,6.164872926454915,0
48.54328733807224,6.173483515638809,0
64.85091954904301,6.549712522706695,0
33.854456904216406,4.814398886066725,1
57.10742375068719,2.2672823225803342,1
56.63785692971719,3.9766417915863475,1
90.0,5.9050558350344495,0
64.06597052938505,1.8723268545278033,0
48.5507319672692,6.38067190595888,0
52.84903731045387,9.330881944657948,0
69.68756576939163,8.03886895464165,0
50.1059595488052,4.70322428467504,1
63.08704647462844,5.890543717418734,0
55.12477698258826,7.729749454557112,0
56.19310295903937,6.169413324988372,0
44.985964070506164,6.822323237073464,0
23.111924015252143,6.255454337155712,1
55.856634185076544,6.051474438463308,0
41.34253482136944,5.129983235827785,1
40.60524826914468,6.325072729772571,0
74.67168999796272,4.515681095539542,0
64.19022159220248,6.223765272974011,0
65.5769571201052,5.424757529177986,0
61.97347140989191,8.482302607864554,0
53.620900991572185,5.462782652141578,0
70.06918712931133,10.0,0
65.86774224283933,6.76865123343984,0
68.97732922039025,5.799913277182698,0
61.65305415182242,6.949727481216088,0
58.89209933234366,4.920988233715142,0
33.14447481287203,3.2656293500428744,1
53.614340940284364,7.356413186642482,0
26.180344417084704,2.9978452954607353,0
62.35974013607929,8.049170979254368,0
63.15648478506877,1.0090237835688267,0
42.60955193098671,3.9123320923991916,1
62.100954834028485,7.409804651469459,0
68.72938724232641,4.0435722075953215,0
65.30206363444302,6.460580750773646,0
73.54073524923714,7.308883786091084,0
61.43271568450229,6.539661758466573,0
74.62563124105563,3.4941208705903457,0
79.4767660140577,9.381900221603669,0
47.34325966444811,2.425170761314693,1
53.23535086883934,7.29575588367877,0
71.29024678556759,6.734453029262563,0
43.32814237763928,1.1105005780237356,0
72.883297084425,4.574378172860662,0
71.18693934211072,4.861746294028789,0
90.0,7.191752839697431,0
43.941841150179144,6.503404448191825,0
66.51334831405157,6.386383171646612,0
46.13985642886139,2.2262350702563585,1
31.452218001485285,6.039918176555116,1
50.082937406745685,7.681423944437063,0
52.69893497952631,2.502465178737914,1
76.45801899841604,7.338844551112919,0
80.36933822258194,5.206033874176939,0
49.09218202313812,8.514766981823145,0
46.19659368312945,4.975633386676127,1
65.99749732383117,6.930409790481276,0
48.55811753344078,5.52893837735833,0
43.523806235218245,8.102096766366998,0
53.15638120069737,7.9033478392306815,0
74.54131416329258,5.287135757013145,0
69.70340101415199,2.5306491727944445,1
51.77997382666658,4.445782109334175,1
43.94115628523113,8.829699508677221,0
77.93399696879769,7.3190568972550505,0
26.10192701313403,6.010041247845966,1
60.977539526263335,6.850736426914433,0
73.50057859991483,3.942920171229783,0
66.62967913993475,6.837803719407182,0
58.39022218646284,6.591471795097704,0
56.49466049282863,5.109495303989545,0
62.82464229558363,5.595997474386957,0
53.92796182545538,4.511730197069009,1
90.0,8.178792118671339,0
72.61303844064518,7.793248834187988,0
42.0425401790457,5.256003330278767,1
46.75458899262204,9.278925771651725,0
90.0,7.6223649273616045,0
57.90034372150493,4.577579405330298,0
43.97100946492023,3.5312308894498634,1
67.211211925886,7.1777806834878115,0
82.99616074528888,7.611233462648204,0
65.41093113944021,6.148563649807476,0
82.0771233908902,5.866611054604695,0
42.475253548191155,4.225772335316849,1
73.78825137871932,5.203492921724851,0
70.6327001557945,9.98282453700088,0
54.289304926789185,4.544373976531268,1
72.417293529284,7.097566866124515,0
67.25065223361186,2.66724556234045,1
49.37305182544834,5.583435862356363,0
67.59741789515456,6.894900073068714,0
51.84000495479543,1.3620542187119309,0
64.8557286316958,8.00091929129023,0
40.04593458279002,6.580413121108708,0
64.91492429442386,5.28328204572842,0
79.25476891435375,4.9172381531454405,0
43.921755760691156,5.80989206897128,0
57.92164656424374,8.20395859099901,0
26.48742267641027,6.158084494248864,1
62.69133695849636,7.591768188459638,0
46.647941795670604,6.480053535796427,0
72.35219132415575,6.484908192280668,0
25.428641580117564,5.068023170995891,1
66.74414649003687,5.5193521590974415,0
58.5589549010199,8.236283533212312,0
64.44485264136635,5.416963617894522,0
74.79666867159804,4.977293033921552,0
61.06824805259433,6.864616869190492,0
37.53453146771798,2.5640132530231665,1
29.437834971809554,6.564088446877406,1
63.651525240064665,6.656335107719749,0
47.82216228230813,3.076452158476893,1
65.11439944738578,5.0598910541920015,0
50.34917000719601,6.871149056832711,0
62.30363645040597,3.5019911970599487,1
61.12027581219502,7.5665674261334015,0
61.04676592875295,4.046924335572631,0
52.69437158952776,3.1964982875815555,1
78.75928453232372,6.873467766981347,0
67.4705956188102,8.242646827197346,0
46.34936743191692,1.4097989812283043,0
52.46932098907227,8.804606150991495,0
47.350960454228876,5.508463884448695,0
74.63275725869893,5.607956234163487,0
23.291238944950543,6.78537150311247,1
89.25359087095605,3.664071465104334,0
75.9797624214171,6.226588774824076,0
51.76366844322348,6.701320108742585,0
59.19441446850888,8.452233171020014,0
37.007285928531395,8.779712747741355,0
72.39544650060216,5.512452630046212,0
52.750783707081,5.933118256383202,0
42.55723991583135,8.954349441776221,0
69.62518047632976,4.9652624022150595,0
51.00902237250031,4.9855315194436445,0
48.32821758714809,5.350326989450038,0
46.99332840797451,5.459926062899056,0
68.94785026061663,3.9060813497414255,0
66.98008543736346,4.553712835568285,0
88.11364508623492,5.835072218040862,0
50.829652244845754,4.551307844661064,1
69.78516278009269,5.8923063873659896,0
52.88311449952184,3.65939707250899,1
58.53874239677132,5.818642422692211,0
46.78422150970533,9.075837382957218,0
73.36553528562365,6.794259309121004,0
60.635922307268984,8.815298131283118,0
53.7960074476622,3.862058670410059,1
84.73666787941038,6.536469120837281,0
58.20413862542493,7.937505617655865,0
54.924749389007836,4.140141858354021,1
88.42397960819477,6.55621664333032,0
48.471155490203515,7.430093849253013,0
38.217088182049906,6.767594140400358,0
78.09817261659397,3.1421843451433973,0
52.560734703614166,3.877353649792753,1
84.93852863983562,7.06779023277734,0
70.83042883913122,9.90868570074486,0
90.0,4.660035022833944,0
76.57942978965886,6.666901418104529,0
67.5743714959923,8.302142122083733,0
43.41177927421314,5.592111490584427,1
81.14604952070378,5.975054160546102,0
58.53113223070024,6.40832420448773,0
55.80970049729685,2.534215774820437,1
74.66146547565225,8.196245212513023,0
51.47002913408821,9.57467937561456,0
73.7898777976695,9.464640352063917,0
33.937828576371174,3.7063580616189906,1
65.70383435821417,5.661175223387186,0
85.42844586030344,7.582524977907312,0
41.40982141967407,8.69536551089729,0
46.78451331554321,8.075836891431775,0
42.54771524580646,7.347065174287852,0
79.88375756810838,6.9424883356116265,0
71.94680060826853,8.09781573921513,0
54.52573923812823,7.732965394090083,0
59.978756876261194,2.2528160465907003,1
37.867683459275966,7.302323867145571,0
62.51824671342302,10.0,0
84.15818668865407,7.891508218265474,0
49.1180267590199,4.384137400447782,1
66.73481906328337,3.6305030449631044,0
39.51434741817484,3.4224923035936827,1
69.3205142952929,6.9856526852394,0
70.26140451194637,5.860554949170952,0
86.62799426691628,4.48969163631852,0
55.057216655975004,8.436627272981353,0
86.5452776566488,5.592710094817341,0
48.61294914050555,1.6686626418543629,0
78.10067692638995,2.795785883104335,0
58.406531312443995,6.351271235225892,0
58.37550794366502,9.260885725890688,0
48.98043304518089,6.3383967545591435,0
33.1710378753362,4.547571782993224,1
42.750302180841054,3.815086107644671,1
53.92668697096897,5.286387740478447,0
68.69271107985358,8.011772493720784,0
38.3770897038588,5.737205921569117,1
40.52430969359595,6.235284696438021,0
68.7369046745503,6.931751735862605,0
49.68224158220484,10.0,0
47.68458545882299,4.470111851919871,1
72.94722108999419,5.738148729820821,0
75.69461763398598,5.451796356930644,0
37.192876019964515,5.742285236354771,1
62.42721196250797,2.2758344499349223,1
61.43596385638979,4.449161522433424,0
44.404253386951524,4.184701010076099,1
33.506048844548566,4.204837349544159,1
88.14158218595003,6.502952831161197,0
45.84425315361277,6.643259679911214,0
52.50247281157955,2.994526734685168,1
64.35789149052545,6.240338616096213,0
61.54606949151076,6.696942196271376,0
68.17073944050779,0.4124708239398851,0
75.75257527666469,0.4507955176795839,0
63.78035119110984,4.722896643423401,0
46.624190678070164,5.352590502009367,0
54.79008924599725,9.359013642532746,0
75.68953482556151,6.0574545972823834,0
60.9402754804353,2.4206485048768323,1
68.33853046186059,6.125750618469264,0
40.46240360657002,4.607785249855889,1
76.63885786469115,3.5958122322096315,0
35.05098496286323,7.451780405748674,0
64.19712955307786,6.641988002561912,0
48.794501549807855,7.125998012483125,0
64.03860217210972,7.226134780739104,0
48.72153760396058,2.7429492029768814,1
41.373712907731246,5.5415203438749705,1
64.22809567056888,3.6999156974939247,0
39.074531294823565,8.531362685938856,0
45.08034778201794,1.6409389324877361,0
66.77119429432139,5.4737250579903,0
51.71460882605423,3.92128014852906,1
54.98581574531478,5.286258264665269,0
58.20089437778264,2.081752549824871,1
78.69750782641295,8.134404694747596,0
64.99454591451611,2.459215778777395,1
63.612710168854804,5.095628386345438,0
57.828481814156476,4.751240487252733,0
66.50921155884697,6.534554913334096,0
49.892647626165285,6.3972178487692055,0
89.08493776474987,7.095814635045963,0
45.16477837424999,4.847619000212755,1
62.91286249445127,2.2734160183373353,1
63.00876412655104,5.4731153375320085,0
46.941324380958726,4.051137478894914,1
70.77374856108784,5.855924137477222,0
64.04465859070521,7.634521172677857,0
56.87436307287297,4.8249059147442885,0
53.88842666270166,6.659038193777905,0
66.59997139353581,6.156948882194968,0
55.11344287170096,4.586632601827215,0
32.405573610526986,7.938863031827197,0
79.12716378357169,4.39173646824065,0
62.41893910937146,6.66086745962249,0
84.07233148382923,4.553860428283058,0
64.6806523345107,2.4657996398064705,1
68.35921400848046,5.058151225037336,0
55.63978880743843,2.4781514890227383,1
57.36335580054387,4.506730329706805,0
67.05971232255503,6.55172330647997,0
72.53172548369035,4.219126048610155,0
58.10049683912832,7.321054465836346,0
66.9243490392906,2.2409491822401306,1
25.654618531618617,10.0,0
63.6421652731725,7.308855769133478,0
83.19767259349675,4.63930046524259,0
57.65886418518682,3.7841156018806603,1
61.01853319584485,4.011618290600131,0
54.631862525749796,6.843468418913227,0
59.723674068841895,7.073878266817715,0
73.50046879563199,4.537853889160893,0
44.164759029939006,8.141863986593599,0
64.83364611336344,6.686893865716071,0
84.92226718980541,4.485215935426941,0
62.25387134494463,9.621605472693853,0
56.71487693870078,4.390830802208983,0
78.25983173849781,10.0,0
65.86858932599598,7.6100634645066725,0
34.77037060058453,9.746489763635259,0
39.92430758420433,7.783778730730919,0
63.652427419028946,10.0,0
78.41459379145142,3.9068021707672935,0
78.73455947361121,5.300000793595806,0
46.01094908633992,7.022946858475962,0
60.904259664422895,9.713096751344175,0
77.20116582469117,6.118628643002382,0
52.35297622708997,5.348009368620061,0
67.89395019706465,6.625220582991659,0
49.07275744252105,4.795669026645706,1
68.57086426212763,5.175943945130544,0
74.02153593129685,2.7500972911054533,0
45.3421948124726,8.613362153682358,0
45.636430805781366,10.0,0
67.75986999854344,6.192449397044622,0
60.61353909017433,7.9851511161381445,0
44.301554774083314,5.876136872358949,0
88.39265822736698,4.920686355835062,0
45.167602146480135,5.9199706561697285,0
51.57484305355672,4.822901297531654,1
37.25932105398392,6.740562693657823,0
78.7013945054214,7.92362822798685,0
38.04782436737008,2.5721465313876513,1
67.71368255414123,6.591848101334573,0
60.486267952743034,6.58808198559164,0
45.36462368149948,6.968375504871348,0
56.43433210073425,10.0,0
47.25464906314906,6.741628564478254,0
66.69373950306392,10.0,0
74.92166224259944,4.672288135691888,0
55.11714194445826,8.309481711097146,0
45.87903538816419,3.8547935734996495,1
64.30322633507171,9.903566270063035,0
71.68882118356589,8.258484159088098,0
50.98469529868554,7.4144143918598875,0
58.44193650819873,5.123068943966144,0
68.12348710602842,4.7100219312738805,0
57.68097537226978,2.522199482939479,1
49.86362462774663,7.201037405519566,0
63.035969936807014,5.630311899864606,0
68.60637610815223,5.164213462871768,0
22.74106926289472,7.166458509411232,1
60.536418994605725,4.762056606826498,0
73.71419978982716,6.941553847372511,0
43.6055924543824,3.9654520400568454,1
86.5888429648488,7.378927088038028,0
63.283695498750944,5.523079232103789,0
76.86464757818293,9.235657206862243,0
70.31608837066068,1.3558772712330764,0
61.45985337840112,2.6448492516745015,1
59.11698497349159,7.086647001743667,0
61.77947616581924,7.367991772315875,0
77.0184644929909,4.5216302859987465,0
61.310055654171705,6.616786416797767,0
90.0,5.293862572544405,0
42.342587494811454,7.025225071081925,0
24.239368534246303,5.156011294451039,1
34.8111478284146,10.0,0
41.849661161842434,6.4361904768340015,0
51.23725175305489,8.721779532702202,0
44.53544712904654,6.267125326230519,0
55.460951773850944,9.151557198996077,0
65.81041871277645,5.767356225804496,0
54.39514904868458,5.940890544492229,0
53.82722774905645,6.661236494118523,0
40.89791692851337,7.122791565585694,0
29.781547443995727,7.05471472884609,0
64.78426636055808,5.654724982322139,0
27.81099930267444,6.1924248971073315,1
55.92153712257891,7.095954773578639,0
57.734176725689856,6.916334872859696,0
73.08873007721273,3.7839720555035647,0
53.02802703963381,2.762588787930261,1
86.97776206719331,6.055668063851404,0
53.35507257606558,7.175615203690805,0
70.78467123960601,8.59966531185335,0
22.043552794447933,7.670008736497582,1
52.15321848672071,5.733389969869432,0
42.31389246730704,6.196384286650524,0
46.784366075810915,5.469017757755658,0
48.43887064568919,8.273519979970299,0
48.255698122121025,4.392681119271049,1
61.22301289274048,3.6239867618469694,1
45.09016664668953,6.656242186739059,0
53.48706173472169,5.827438508381576,0
63.02190575691494,7.561315841580602,0
71.71370566338521,5.983733961121895,0
85.35056913210036,7.943426108569848,0
51.6145804049219,8.439049876997224,0
79.66381790321606,5.447249173113331,0
56.80833415830072,4.0255501035783485,1
80.38272495721606,5.113172897953721,0
63.032073676861785,4.2991485552032485,0
76.33216834319579,6.3715788512293,0
54.076187522895005,9.398655663685432,0
33.06268313410746,4.037480381648088,1
46.11638234787905,7.406403081315834,0
80.51922410655015,7.739451275864284,0
40.116800222271685,5.739936726165512,1
62.453669923998405,6.843229756065844,0
64.80984561400602,7.41276154137602,0
70.89331792780314,3.7678388832229905,0
79.69406836584886,5.859615187146268,0
